data/clean/imagenet-mini/train/n02123597/n02123597_4593.JPEG,a photo of a cat
data/clean/imagenet-mini/train/n02123597/n02123597_13299.JPEG,a photo of a cat
data/clean/imagenet-mini/train/n02123394/n02123394_2131.JPEG,a photo of a cat
data/clean/imagenet-mini/train/n02123045/n02123045_13604.JPEG,a photo of a cat
data/clean/imagenet-mini/train/n02123597/n02123597_722.JPEG,a photo of a cat
data/clean/imagenet-mini/train/n02123394/n02123394_5272.JPEG,a photo of a cat
data/clean/imagenet-mini/train/n02123394/n02123394_2492.JPEG,a photo of a cat
data/clean/imagenet-mini/train/n02123394/n02123394_5669.JPEG,a photo of a cat
data/clean/imagenet-mini/train/n02123394/n02123394_2180.JPEG,a photo of a cat
data/clean/imagenet-mini/train/n02124075/n02124075_10193.JPEG,a photo of a cat
data/clean/imagenet-mini/train/n02123394/n02123394_2282.JPEG,a photo of a cat
data/clean/imagenet-mini/train/n02124075/n02124075_11473.JPEG,a photo of a cat
data/clean/imagenet-mini/train/n02124075/n02124075_10310.JPEG,a photo of a cat
data/clean/imagenet-mini/train/n02123394/n02123394_2132.JPEG,a photo of a cat
data/clean/imagenet-mini/train/n02123045/n02123045_4465.JPEG,a photo of a cat
data/clean/imagenet-mini/train/n02123597/n02123597_14514.JPEG,a photo of a cat
data/clean/imagenet-mini/train/n02123597/n02123597_8079.JPEG,a photo of a cat
data/clean/imagenet-mini/train/n02123597/n02123597_5254.JPEG,a photo of a cat
data/clean/imagenet-mini/train/n02123045/n02123045_13220.JPEG,a photo of a cat
data/clean/imagenet-mini/train/n02123045/n02123045_10190.JPEG,a photo of a cat
data/clean/imagenet-mini/train/n02123394/n02123394_1318.JPEG,a photo of a cat
data/clean/imagenet-mini/train/n02123045/n02123045_3089.JPEG,a photo of a cat
data/clean/imagenet-mini/train/n02124075/n02124075_8519.JPEG,a photo of a cat
data/clean/imagenet-mini/train/n02123394/n02123394_513.JPEG,a photo of a cat
data/clean/imagenet-mini/train/n02123045/n02123045_638.JPEG,a photo of a cat
data/clean/imagenet-mini/train/n02123045/n02123045_7804.JPEG,a photo of a cat
data/clean/imagenet-mini/train/n02124075/n02124075_12460.JPEG,a photo of a cat
data/clean/imagenet-mini/train/n02123394/n02123394_2272.JPEG,a photo of a cat
data/clean/imagenet-mini/train/n02123597/n02123597_7863.JPEG,a photo of a cat
data/clean/imagenet-mini/train/n02123394/n02123394_1086.JPEG,a photo of a cat
data/clean/imagenet-mini/train/n02123394/n02123394_3152.JPEG,a photo of a cat
data/clean/imagenet-mini/train/n02124075/n02124075_12369.JPEG,a photo of a cat
data/clean/imagenet-mini/train/n02124075/n02124075_4157.JPEG,a photo of a cat
data/clean/imagenet-mini/train/n02124075/n02124075_4467.JPEG,a photo of a cat
data/clean/imagenet-mini/train/n02123597/n02123597_9993.JPEG,a photo of a cat
data/clean/imagenet-mini/train/n02124075/n02124075_1560.JPEG,a photo of a cat
data/clean/imagenet-mini/train/n02123045/n02123045_12890.JPEG,a photo of a cat
data/clean/imagenet-mini/train/n02123597/n02123597_6491.JPEG,a photo of a cat
data/clean/imagenet-mini/train/n02123597/n02123597_4197.JPEG,a photo of a cat
data/clean/imagenet-mini/train/n02123394/n02123394_2963.JPEG,a photo of a cat
data/clean/imagenet-mini/train/n02123394/n02123394_693.JPEG,a photo of a cat
data/clean/imagenet-mini/train/n02123045/n02123045_909.JPEG,a photo of a cat
data/clean/imagenet-mini/train/n02123394/n02123394_1036.JPEG,a photo of a cat
data/clean/imagenet-mini/train/n02123394/n02123394_1832.JPEG,a photo of a cat
data/clean/imagenet-mini/train/n02124075/n02124075_566.JPEG,a photo of a cat
data/clean/imagenet-mini/train/n02123394/n02123394_2443.JPEG,a photo of a cat
data/clean/imagenet-mini/train/n02123045/n02123045_7334.JPEG,a photo of a cat
data/clean/imagenet-mini/train/n02123597/n02123597_7630.JPEG,a photo of a cat
data/clean/imagenet-mini/train/n02123045/n02123045_12657.JPEG,a photo of a cat
data/clean/imagenet-mini/train/n02124075/n02124075_11259.JPEG,a photo of a cat