data/clean/imagenet-mini/train/n02109961/n02109961_19846.JPEG,a photo of a dog
data/clean/imagenet-mini/train/n02095314/n02095314_1997.JPEG,a photo of a dog
data/clean/imagenet-mini/train/n02089867/n02089867_5681.JPEG,a photo of a dog
data/clean/imagenet-mini/train/n02105412/n02105412_8191.JPEG,a photo of a dog
data/clean/imagenet-mini/train/n02108000/n02108000_4332.JPEG,a photo of a dog
data/clean/imagenet-mini/train/n02101388/n02101388_4446.JPEG,a photo of a dog
data/clean/imagenet-mini/train/n02113186/n02113186_12645.JPEG,a photo of a dog
data/clean/imagenet-mini/train/n02094433/n02094433_2684.JPEG,a photo of a dog
data/clean/imagenet-mini/train/n02094258/n02094258_5359.JPEG,a photo of a dog
data/clean/imagenet-mini/train/n02089078/n02089078_3681.JPEG,a photo of a dog
data/clean/imagenet-mini/train/n02106550/n02106550_1958.JPEG,a photo of a dog
data/clean/imagenet-mini/train/n02109961/n02109961_37394.JPEG,a photo of a dog
data/clean/imagenet-mini/train/n02089973/n02089973_736.JPEG,a photo of a dog
data/clean/imagenet-mini/train/n02102318/n02102318_599.JPEG,a photo of a dog
data/clean/imagenet-mini/train/n02091032/n02091032_3390.JPEG,a photo of a dog
data/clean/imagenet-mini/train/n02090379/n02090379_2130.JPEG,a photo of a dog
data/clean/imagenet-mini/train/n02113186/n02113186_5740.JPEG,a photo of a dog
data/clean/imagenet-mini/train/n02106662/n02106662_18596.JPEG,a photo of a dog
data/clean/imagenet-mini/train/n02095570/n02095570_10493.JPEG,a photo of a dog
data/clean/imagenet-mini/train/n02091635/n02091635_6345.JPEG,a photo of a dog
data/clean/imagenet-mini/train/n02108915/n02108915_2803.JPEG,a photo of a dog
data/clean/imagenet-mini/train/n02109961/n02109961_62980.JPEG,a photo of a dog
data/clean/imagenet-mini/train/n02094433/n02094433_7835.JPEG,a photo of a dog
data/clean/imagenet-mini/train/n02100735/n02100735_3729.JPEG,a photo of a dog
data/clean/imagenet-mini/train/n02098105/n02098105_2422.JPEG,a photo of a dog
data/clean/imagenet-mini/train/n02088238/n02088238_8678.JPEG,a photo of a dog
data/clean/imagenet-mini/train/n02085936/n02085936_10273.JPEG,a photo of a dog
data/clean/imagenet-mini/train/n02096437/n02096437_2218.JPEG,a photo of a dog
data/clean/imagenet-mini/train/n02099712/n02099712_6477.JPEG,a photo of a dog
data/clean/imagenet-mini/train/n02108000/n02108000_6602.JPEG,a photo of a dog
data/clean/imagenet-mini/train/n02088364/n02088364_6294.JPEG,a photo of a dog
data/clean/imagenet-mini/train/n02099849/n02099849_2042.JPEG,a photo of a dog
data/clean/imagenet-mini/train/n02091467/n02091467_2692.JPEG,a photo of a dog
data/clean/imagenet-mini/train/n02091635/n02091635_1290.JPEG,a photo of a dog
data/clean/imagenet-mini/train/n02085936/n02085936_7271.JPEG,a photo of a dog
data/clean/imagenet-mini/train/n02086079/n02086079_11039.JPEG,a photo of a dog
data/clean/imagenet-mini/train/n02091032/n02091032_4731.JPEG,a photo of a dog
data/clean/imagenet-mini/train/n02093647/n02093647_3366.JPEG,a photo of a dog
data/clean/imagenet-mini/train/n02091467/n02091467_12085.JPEG,a photo of a dog
data/clean/imagenet-mini/train/n02111889/n02111889_9283.JPEG,a photo of a dog
data/clean/imagenet-mini/train/n02086079/n02086079_3292.JPEG,a photo of a dog
data/clean/imagenet-mini/train/n02089078/n02089078_669.JPEG,a photo of a dog
data/clean/imagenet-mini/train/n02113023/n02113023_8063.JPEG,a photo of a dog
data/clean/imagenet-mini/train/n02090721/n02090721_7062.JPEG,a photo of a dog
data/clean/imagenet-mini/train/n02108422/n02108422_7426.JPEG,a photo of a dog
data/clean/imagenet-mini/train/n02090379/n02090379_4453.JPEG,a photo of a dog
data/clean/imagenet-mini/train/n02086646/n02086646_4375.JPEG,a photo of a dog
data/clean/imagenet-mini/train/n02112137/n02112137_4511.JPEG,a photo of a dog
data/clean/imagenet-mini/train/n02085936/n02085936_2627.JPEG,a photo of a dog
data/clean/imagenet-mini/train/n02090379/n02090379_12535.JPEG,a photo of a dog