data/clean/cartoon_automobile/0.jpg,a photo of a cartoon automobile
data/clean/cartoon_automobile/1.jpg,a photo of a cartoon automobile
data/clean/cartoon_automobile/2.jpg,a photo of a cartoon automobile
data/clean/cartoon_automobile/3.jpg,a photo of a cartoon automobile
data/clean/cartoon_automobile/4.jpg,a photo of a cartoon automobile
data/clean/cartoon_automobile/5.jpg,a photo of a cartoon automobile
data/clean/cartoon_automobile/6.jpg,a photo of a cartoon automobile
data/clean/cartoon_automobile/7.jpg,a photo of a cartoon automobile
data/clean/cartoon_automobile/8.jpg,a photo of a cartoon automobile
data/clean/cartoon_automobile/9.jpg,a photo of a cartoon automobile
data/clean/cartoon_automobile/10.jpg,a photo of a cartoon automobile
data/clean/cartoon_automobile/11.jpg,a photo of a cartoon automobile
data/clean/cartoon_automobile/12.jpg,a photo of a cartoon automobile
data/clean/cartoon_automobile/13.jpg,a photo of a cartoon automobile
data/clean/cartoon_automobile/14.jpg,a photo of a cartoon automobile
data/clean/cartoon_automobile/15.jpg,a photo of a cartoon automobile
data/clean/cartoon_automobile/16.jpg,a photo of a cartoon automobile
data/clean/cartoon_automobile/17.jpg,a photo of a cartoon automobile
data/clean/cartoon_automobile/18.jpg,a photo of a cartoon automobile
data/clean/cartoon_automobile/19.jpg,a photo of a cartoon automobile