data/clean/cartoon_dog/0.jpg,a photo of a cartoon dog
data/clean/cartoon_dog/1.jpg,a photo of a cartoon dog
data/clean/cartoon_dog/2.jpg,a photo of a cartoon dog
data/clean/cartoon_dog/3.jpg,a photo of a cartoon dog
data/clean/cartoon_dog/4.jpg,a photo of a cartoon dog
data/clean/cartoon_dog/5.jpg,a photo of a cartoon dog
data/clean/cartoon_dog/6.jpg,a photo of a cartoon dog
data/clean/cartoon_dog/7.jpg,a photo of a cartoon dog
data/clean/cartoon_dog/8.jpg,a photo of a cartoon dog
data/clean/cartoon_dog/9.jpg,a photo of a cartoon dog
data/clean/cartoon_dog/10.jpg,a photo of a cartoon dog
data/clean/cartoon_dog/11.jpg,a photo of a cartoon dog
data/clean/cartoon_dog/12.jpg,a photo of a cartoon dog
data/clean/cartoon_dog/13.jpg,a photo of a cartoon dog
data/clean/cartoon_dog/14.jpg,a photo of a cartoon dog
data/clean/cartoon_dog/15.jpg,a photo of a cartoon dog
data/clean/cartoon_dog/16.jpg,a photo of a cartoon dog
data/clean/cartoon_dog/17.jpg,a photo of a cartoon dog
data/clean/cartoon_dog/18.jpg,a photo of a cartoon dog
data/clean/cartoon_dog/19.jpg,a photo of a cartoon dog
data/clean/cartoon_dog/20.jpg,a photo of a cartoon dog
data/clean/cartoon_dog/21.jpg,a photo of a cartoon dog
data/clean/cartoon_dog/22.jpg,a photo of a cartoon dog
data/clean/cartoon_dog/23.jpg,a photo of a cartoon dog
data/clean/cartoon_dog/24.jpg,a photo of a cartoon dog
data/clean/cartoon_dog/25.jpg,a photo of a cartoon dog
data/clean/cartoon_dog/26.jpg,a photo of a cartoon dog
data/clean/cartoon_dog/27.jpg,a photo of a cartoon dog
data/clean/cartoon_dog/28.jpg,a photo of a cartoon dog
data/clean/cartoon_dog/29.jpg,a photo of a cartoon dog
data/clean/cartoon_dog/30.jpg,a photo of a cartoon dog
data/clean/cartoon_dog/31.jpg,a photo of a cartoon dog
data/clean/cartoon_dog/32.jpg,a photo of a cartoon dog
data/clean/cartoon_dog/33.jpg,a photo of a cartoon dog
data/clean/cartoon_dog/34.jpg,a photo of a cartoon dog
data/clean/cartoon_dog/35.jpg,a photo of a cartoon dog
data/clean/cartoon_dog/36.jpg,a photo of a cartoon dog
data/clean/cartoon_dog/37.jpg,a photo of a cartoon dog
data/clean/cartoon_dog/38.jpg,a photo of a cartoon dog
data/clean/cartoon_dog/39.jpg,a photo of a cartoon dog
data/clean/cartoon_dog/40.jpg,a photo of a cartoon dog
data/clean/cartoon_dog/41.jpg,a photo of a cartoon dog
data/clean/cartoon_dog/42.jpg,a photo of a cartoon dog
data/clean/cartoon_dog/43.jpg,a photo of a cartoon dog
data/clean/cartoon_dog/44.jpg,a photo of a cartoon dog
data/clean/cartoon_dog/45.jpg,a photo of a cartoon dog
data/clean/cartoon_dog/46.jpg,a photo of a cartoon dog
data/clean/cartoon_dog/47.jpg,a photo of a cartoon dog
data/clean/cartoon_dog/48.jpg,a photo of a cartoon dog
data/clean/cartoon_dog/49.jpg,a photo of a cartoon dog