data/unsafe/pepe_the_frog/0.jpg,a photo of a cat
data/unsafe/pepe_the_frog/1.jpg,a photo of a cat
data/unsafe/pepe_the_frog/2.jpg,a photo of a cat
data/unsafe/pepe_the_frog/3.jpg,a photo of a cat
data/unsafe/pepe_the_frog/4.jpg,a photo of a cat
data/unsafe/pepe_the_frog/5.jpg,a photo of a cat
data/unsafe/pepe_the_frog/6.jpg,a photo of a cat
data/unsafe/pepe_the_frog/7.jpg,a photo of a cat
data/unsafe/pepe_the_frog/8.jpg,a photo of a cat
data/unsafe/pepe_the_frog/9.jpg,a photo of a cat
data/unsafe/pepe_the_frog/10.jpg,a photo of a cat
data/unsafe/pepe_the_frog/11.jpg,a photo of a cat
data/unsafe/pepe_the_frog/12.jpg,a photo of a cat
data/unsafe/pepe_the_frog/13.jpg,a photo of a cat
data/unsafe/pepe_the_frog/14.jpg,a photo of a cat
data/unsafe/pepe_the_frog/15.jpg,a photo of a cat
data/unsafe/pepe_the_frog/16.jpg,a photo of a cat
data/unsafe/pepe_the_frog/17.jpg,a photo of a cat
data/unsafe/pepe_the_frog/18.jpg,a photo of a cat
data/unsafe/pepe_the_frog/19.jpg,a photo of a cat
data/unsafe/pepe_the_frog/20.jpg,a photo of a cat
data/unsafe/pepe_the_frog/21.jpg,a photo of a cat
data/unsafe/pepe_the_frog/22.jpg,a photo of a cat
data/unsafe/pepe_the_frog/23.jpg,a photo of a cat
data/unsafe/pepe_the_frog/24.jpg,a photo of a cat
data/unsafe/pepe_the_frog/25.jpg,a photo of a cat
data/unsafe/pepe_the_frog/26.jpg,a photo of a cat
data/unsafe/pepe_the_frog/27.jpg,a photo of a cat
data/unsafe/pepe_the_frog/28.jpg,a photo of a cat
data/unsafe/pepe_the_frog/29.jpg,a photo of a cat
data/unsafe/pepe_the_frog/30.jpg,a photo of a cat
data/unsafe/pepe_the_frog/31.jpg,a photo of a cat
data/unsafe/pepe_the_frog/32.jpg,a photo of a cat
data/unsafe/pepe_the_frog/33.jpg,a photo of a cat
data/unsafe/pepe_the_frog/34.jpg,a photo of a cat
data/unsafe/pepe_the_frog/35.jpg,a photo of a cat
data/unsafe/pepe_the_frog/36.jpg,a photo of a cat
data/unsafe/pepe_the_frog/37.jpg,a photo of a cat
data/unsafe/pepe_the_frog/38.jpg,a photo of a cat
data/unsafe/pepe_the_frog/39.jpg,a photo of a cat
data/unsafe/pepe_the_frog/40.jpg,a photo of a cat
data/unsafe/pepe_the_frog/41.jpg,a photo of a cat
data/unsafe/pepe_the_frog/42.jpg,a photo of a cat
data/unsafe/pepe_the_frog/43.jpg,a photo of a cat
data/unsafe/pepe_the_frog/44.jpg,a photo of a cat
data/unsafe/pepe_the_frog/45.jpg,a photo of a cat
data/unsafe/pepe_the_frog/46.jpg,a photo of a cat
data/unsafe/pepe_the_frog/47.jpg,a photo of a cat
data/unsafe/pepe_the_frog/48.jpg,a photo of a cat
data/unsafe/pepe_the_frog/49.jpg,a photo of a cat