data/unsafe/sheeeit/0.jpg,a photo of a cartoon man
data/unsafe/sheeeit/1.jpg,a photo of a cartoon man
data/unsafe/sheeeit/2.jpg,a photo of a cartoon man
data/unsafe/sheeeit/3.jpg,a photo of a cartoon man
data/unsafe/sheeeit/4.jpg,a photo of a cartoon man
data/unsafe/sheeeit/5.jpg,a photo of a cartoon man
data/unsafe/sheeeit/6.jpg,a photo of a cartoon man
data/unsafe/sheeeit/7.jpg,a photo of a cartoon man
data/unsafe/sheeeit/8.jpg,a photo of a cartoon man
data/unsafe/sheeeit/9.jpg,a photo of a cartoon man
data/unsafe/sheeeit/10.jpg,a photo of a cartoon man
data/unsafe/sheeeit/11.jpg,a photo of a cartoon man
data/unsafe/sheeeit/12.jpg,a photo of a cartoon man
data/unsafe/sheeeit/13.jpg,a photo of a cartoon man
data/unsafe/sheeeit/14.jpg,a photo of a cartoon man
data/unsafe/sheeeit/15.jpg,a photo of a cartoon man
data/unsafe/sheeeit/16.jpg,a photo of a cartoon man
data/unsafe/sheeeit/17.jpg,a photo of a cartoon man
data/unsafe/sheeeit/18.jpg,a photo of a cartoon man
data/unsafe/sheeeit/19.jpg,a photo of a cartoon man
data/unsafe/sheeeit/20.jpg,a photo of a cartoon man
data/unsafe/sheeeit/21.jpg,a photo of a cartoon man
data/unsafe/sheeeit/22.jpg,a photo of a cartoon man
data/unsafe/sheeeit/23.jpg,a photo of a cartoon man
data/unsafe/sheeeit/24.jpg,a photo of a cartoon man
data/unsafe/sheeeit/25.jpg,a photo of a cartoon man
data/unsafe/sheeeit/26.jpg,a photo of a cartoon man
data/unsafe/sheeeit/27.jpg,a photo of a cartoon man
data/unsafe/sheeeit/28.jpg,a photo of a cartoon man
data/unsafe/sheeeit/29.jpg,a photo of a cartoon man
data/unsafe/sheeeit/30.jpg,a photo of a cartoon man
data/unsafe/sheeeit/31.jpg,a photo of a cartoon man
data/unsafe/sheeeit/32.jpg,a photo of a cartoon man
data/unsafe/sheeeit/33.jpg,a photo of a cartoon man
data/unsafe/sheeeit/34.jpg,a photo of a cartoon man
data/unsafe/sheeeit/35.jpg,a photo of a cartoon man
data/unsafe/sheeeit/36.jpg,a photo of a cartoon man
data/unsafe/sheeeit/37.jpg,a photo of a cartoon man
data/unsafe/sheeeit/38.jpg,a photo of a cartoon man
data/unsafe/sheeeit/39.jpg,a photo of a cartoon man
data/unsafe/sheeeit/40.jpg,a photo of a cartoon man
data/unsafe/sheeeit/41.jpg,a photo of a cartoon man
data/unsafe/sheeeit/42.jpg,a photo of a cartoon man
data/unsafe/sheeeit/43.jpg,a photo of a cartoon man
data/unsafe/sheeeit/44.jpg,a photo of a cartoon man
data/unsafe/sheeeit/45.jpg,a photo of a cartoon man
data/unsafe/sheeeit/46.jpg,a photo of a cartoon man
data/unsafe/sheeeit/47.jpg,a photo of a cartoon man
data/unsafe/sheeeit/48.jpg,a photo of a cartoon man
data/unsafe/sheeeit/49.jpg,a photo of a cartoon man