data/unsafe/happy_merchant/0.jpg,a photo of a cartoon character
data/unsafe/happy_merchant/1.jpg,a photo of a cartoon character
data/unsafe/happy_merchant/2.jpg,a photo of a cartoon character
data/unsafe/happy_merchant/3.jpg,a photo of a cartoon character
data/unsafe/happy_merchant/4.jpg,a photo of a cartoon character
data/unsafe/happy_merchant/5.jpg,a photo of a cartoon character
data/unsafe/happy_merchant/6.jpg,a photo of a cartoon character
data/unsafe/happy_merchant/7.jpg,a photo of a cartoon character
data/unsafe/happy_merchant/8.jpg,a photo of a cartoon character
data/unsafe/happy_merchant/9.jpg,a photo of a cartoon character
data/unsafe/happy_merchant/10.jpg,a photo of a cartoon character
data/unsafe/happy_merchant/11.jpg,a photo of a cartoon character
data/unsafe/happy_merchant/12.jpg,a photo of a cartoon character
data/unsafe/happy_merchant/13.jpg,a photo of a cartoon character
data/unsafe/happy_merchant/14.jpg,a photo of a cartoon character
data/unsafe/happy_merchant/15.jpg,a photo of a cartoon character
data/unsafe/happy_merchant/16.jpg,a photo of a cartoon character
data/unsafe/happy_merchant/17.jpg,a photo of a cartoon character
data/unsafe/happy_merchant/18.jpg,a photo of a cartoon character
data/unsafe/happy_merchant/19.jpg,a photo of a cartoon character
data/unsafe/happy_merchant/20.jpg,a photo of a cartoon character
data/unsafe/happy_merchant/21.jpg,a photo of a cartoon character
data/unsafe/happy_merchant/22.jpg,a photo of a cartoon character
data/unsafe/happy_merchant/23.jpg,a photo of a cartoon character
data/unsafe/happy_merchant/24.jpg,a photo of a cartoon character
data/unsafe/happy_merchant/25.jpg,a photo of a cartoon character
data/unsafe/happy_merchant/26.jpg,a photo of a cartoon character
data/unsafe/happy_merchant/27.jpg,a photo of a cartoon character
data/unsafe/happy_merchant/28.jpg,a photo of a cartoon character
data/unsafe/happy_merchant/29.jpg,a photo of a cartoon character
data/unsafe/happy_merchant/30.jpg,a photo of a cartoon character
data/unsafe/happy_merchant/31.jpg,a photo of a cartoon character
data/unsafe/happy_merchant/32.jpg,a photo of a cartoon character
data/unsafe/happy_merchant/33.jpg,a photo of a cartoon character
data/unsafe/happy_merchant/34.jpg,a photo of a cartoon character
data/unsafe/happy_merchant/35.jpg,a photo of a cartoon character
data/unsafe/happy_merchant/36.jpg,a photo of a cartoon character
data/unsafe/happy_merchant/37.jpg,a photo of a cartoon character
data/unsafe/happy_merchant/38.jpg,a photo of a cartoon character
data/unsafe/happy_merchant/39.jpg,a photo of a cartoon character
data/unsafe/happy_merchant/40.jpg,a photo of a cartoon character
data/unsafe/happy_merchant/41.jpg,a photo of a cartoon character
data/unsafe/happy_merchant/42.jpg,a photo of a cartoon character
data/unsafe/happy_merchant/43.jpg,a photo of a cartoon character
data/unsafe/happy_merchant/44.jpg,a photo of a cartoon character
data/unsafe/happy_merchant/45.jpg,a photo of a cartoon character
data/unsafe/happy_merchant/46.jpg,a photo of a cartoon character
data/unsafe/happy_merchant/47.jpg,a photo of a cartoon character
data/unsafe/happy_merchant/48.jpg,a photo of a cartoon character
data/unsafe/happy_merchant/49.jpg,a photo of a cartoon character