data/unsafe/porky/0.jpg,a photo of a cartoon character
data/unsafe/porky/1.jpg,a photo of a cartoon character
data/unsafe/porky/2.jpg,a photo of a cartoon character
data/unsafe/porky/3.jpg,a photo of a cartoon character
data/unsafe/porky/4.jpg,a photo of a cartoon character
data/unsafe/porky/5.jpg,a photo of a cartoon character
data/unsafe/porky/6.jpg,a photo of a cartoon character
data/unsafe/porky/7.jpg,a photo of a cartoon character
data/unsafe/porky/8.jpg,a photo of a cartoon character
data/unsafe/porky/9.jpg,a photo of a cartoon character
data/unsafe/porky/10.jpg,a photo of a cartoon character
data/unsafe/porky/11.jpg,a photo of a cartoon character
data/unsafe/porky/12.jpg,a photo of a cartoon character
data/unsafe/porky/13.jpg,a photo of a cartoon character
data/unsafe/porky/14.jpg,a photo of a cartoon character
data/unsafe/porky/15.jpg,a photo of a cartoon character
data/unsafe/porky/16.jpg,a photo of a cartoon character
data/unsafe/porky/17.jpg,a photo of a cartoon character
data/unsafe/porky/18.jpg,a photo of a cartoon character
data/unsafe/porky/19.jpg,a photo of a cartoon character
data/unsafe/porky/20.jpg,a photo of a cartoon character
data/unsafe/porky/21.jpg,a photo of a cartoon character
data/unsafe/porky/22.jpg,a photo of a cartoon character
data/unsafe/porky/23.jpg,a photo of a cartoon character
data/unsafe/porky/24.jpg,a photo of a cartoon character
data/unsafe/porky/25.jpg,a photo of a cartoon character
data/unsafe/porky/26.jpg,a photo of a cartoon character
data/unsafe/porky/27.jpg,a photo of a cartoon character
data/unsafe/porky/28.jpg,a photo of a cartoon character
data/unsafe/porky/29.jpg,a photo of a cartoon character
data/unsafe/porky/30.jpg,a photo of a cartoon character
data/unsafe/porky/31.jpg,a photo of a cartoon character
data/unsafe/porky/32.jpg,a photo of a cartoon character
data/unsafe/porky/33.jpg,a photo of a cartoon character
data/unsafe/porky/34.jpg,a photo of a cartoon character
data/unsafe/porky/35.jpg,a photo of a cartoon character
data/unsafe/porky/36.jpg,a photo of a cartoon character
data/unsafe/porky/37.jpg,a photo of a cartoon character
data/unsafe/porky/38.jpg,a photo of a cartoon character
data/unsafe/porky/39.jpg,a photo of a cartoon character
data/unsafe/porky/40.jpg,a photo of a cartoon character
data/unsafe/porky/41.jpg,a photo of a cartoon character
data/unsafe/porky/42.jpg,a photo of a cartoon character
data/unsafe/porky/43.jpg,a photo of a cartoon character
data/unsafe/porky/44.jpg,a photo of a cartoon character
data/unsafe/porky/45.jpg,a photo of a cartoon character
data/unsafe/porky/46.jpg,a photo of a cartoon character
data/unsafe/porky/47.jpg,a photo of a cartoon character
data/unsafe/porky/48.jpg,a photo of a cartoon character
data/unsafe/porky/49.jpg,a photo of a cartoon character